Name;Name2;Name3;;Stadt;Land
333;Armand David Botanical Garden;;;La Genête;FRANCE
Botanic Garden;University of Copenhagen;;;Kobenhavnk K;DANMARK
Jardin Botanique;Universite Louis Pasteur;;;Strasbourg Cedex;FRANCE
Jardin Botanique;de Talence;;;Talence;FRANCE
Jardin Botanique de la;Faculté de Pharmacie;Laboratoire de Biologie Vég.;;Tours;FRANCE
Conservatoire &;Jardins Botaniques;de Nancy - Le Monet;;Villers-les-Nancy;FRANCE
Jardin des Plantes;de Marnay sur Seine;;;Marnay sur Seine;FRANCE
Jardin des Plantes;Université de Montpellier;;;Montpellier;FRANCE
Jardin Botanique des Olfacties;;;;Coëx;FRANCE
Conservatoire National dePlantes;à Parfum, Medicinales,;Aromatiques et Industrielles, CNPMAI;;Milly-la-Forét;FRANCE
Chelsea Physic Garden;;;;London SW3 4HS;United Kingdom
;University Botanic Garden;;;Oxford/England OX1 4AZ;United Kingdom
Hortus Botanicus;Instituti Plantarum Medicinalium;;;Budakalász;HUNGARY
Szent Istvan Efyetem;Soroksari Botanikus Kert;Universitas de Sancto Stephano nominatae;;Budapest;HUNGARY
Vera Csapody Hardy Plant Society;of Hungary - Seed Exchange;Kalásziné D. Ilona;;Budapest;HUNGARY
Elte Botanikus Kert;Eötvös Lorand University of Sciences;;;Budapest VIII;HUNGARY
Botanikus Kertje;Erdeszeti es Faipari;Egyetem;;Sopron;HUNGARY
Jardins ethnobotaniques de Salagon;Prieuré de Salagon;;;Mane en Provence;FRANCE
Jardin Botanique;de la Ville;et de l'Université;;Besançon;FRANCE
Public Garden and;Botanic Garden;Lustigardur Akureyrar;;Akureyri;ICELAND
Real Jardín Botánico (CSIC);U.S. Jardineria;;;Madrid;SPAIN
Jardin Botanico Historico "La Conception";Patronato Botanico Municipal;"Ciudad de Malaga";;Malaga;SPAIN
Real Jardín Botánico;Juan Carlos 1;Universidad de Alcalá;;Alcalá de Henares;SPAIN
Fundacion el botanico;Jardin Botanico;de La Rioja;;Nájera (La Rioja);SPAIN
National Botanic Gardens;;;;Dublin 9;REP. OF IRELAND
Jardin Botanique;de Rouen;Mairie de Rouen, Directiondes Espaces Verts;;Rouen;FRANCE
Jardin Botanique Faculté de Pharmacie;U.F.R des Scienses Pharmaceutiques &;d'Ingénierie de la Santé;;Angers Cedex;FRANCE
Giardino Botanico Alpino 'Rezia';Parco Nazionale;dello Stelvio;;Bormio SO;ITALY
Jardin Botanique;de Bordeaux;Terrasse du Jardin Public;;Bordeaux;FRANCE
Jardin Botanique;de la Ville;et de l'Université;;Caen;FRANCE
Jardin Botanique;Service des Espaces Verts;Ville de Clermont-Ferrand;;Clermont-Ferrand;FRANCE
Jardin Botanique;de la Ville;Musée d'Histoire Naturelle;;DIJON - Mairie;FRANCE
Jardin Botanique;Mairie de Limoges;direction des espaces verts;;Limoges Cedex;FRANCE
Mairie de Lyon;c/o Jardin Botanique;;;LYON cedex 01;FRANCE
Botanical Garden;Tartu University;;;Tartu;ESTONIA
Gardino Botanico;"Michele Tenore";;;Lama die Peligni (Chieti);ITALY
Hortus Botanicus Sibiricus Centralis;;;;Novosibirsk;RUSSIA
Perm State University Botanical Garden;;;;Perm;RUSSIA
Orto Botanico;dell Universitá;degli Studi di Napoli "Federico II";;Napoli;ITALY
Orto Botanico, Museo Botanico;Dip. Sc. Amb. "G. Sarfatti";Università degli Studi di Siena;;Siena;ITALY
Giardino Botanico Alpino Chanousia;c/o Dipart. Biologia Vegetale;dell' Universita di Torino;;Torino;ITALY
Gardino Botanico REA;via Giaveno, 40;franz. San Bernardino;;Trana-Torino;ITALY
Hortus Botanicus;Universitatis;;;Szeged;HUNGARY
Giardino Botanico Alpino Saussurea;c/o Funivie Monte Bianco La Palud;;;Courmayeur (Aosta);ITALY
Perkalsky Arboretum;;;;Pyatigorsk, Energetik;RUSSIA
Luca Gelardi;The Ethnobotanic Garden;;;Catania;ITALY
Gardino Botanico;Gole del Sagittario;;;Anversa degli Abruzzi - AQ;ITALY
Orto Botanico;Loc. Frignoli;Segreteria Legambiente Onlus;;Terrarossa (MS);ITALY
Centro Ricerche, Floristiche dell'Appennino;Parco Nazionale del Gran Sasso;Università degli studi di Camerino;;Barisciano (AQ);ITALY
Giardino dei Semplici;Università degli Studi “G. d’Annunzio”;Facoltà di Farmacia;;Chieti;ITALY
Orto Botanico di Collemaggio;Circuito di Collemaggio,;Amministrazione Provinciale dell'Aquila;;L'Aquila;ITALY
Botanical Garden of Iran;Research Institute of Forests & Rangelands;;;Teheran;IRAN
Orto Botanico;dell' Universita "Carlo Bo";"Pierina Scaramella";;Urbino;ITALY
Hortus Botanicus;Russian Academy of Sciences;Botanical Garden - Institute FEBRAS;;Vladivostok;RUSSIA
Biologisches Institut;der Universität Stuttgart;Botanischer Garten;;Stuttgart;Deutschland
Dipartimento di Botanica;Universita ´di Catania;Orto Botanico;;Catania;ITALY
Parco Nazionale Gran Paradiso;Giardino Botanico Alpino Paradisia;;;Cogne (Aosta);ITALY
Orto Botanico;Università degli Studi di Ferrara;;;Ferrara;ITALY
Orto Botanico Universitá;Giardino dei Semplici;;;Firenze;ITALY
Giardino Botanico;Clelia Durazzo Grimaldi;Comune di Genova, Servizio Giardini e Foreste;;Genova-Pegli;ITALY
Orto Botanico Communale;;;;Lucca;ITALY
V.N.Sukacherv Institute of Forest SB RAS;;;;Krasnoyarsk;RUSSIA
Botanic Garden of;Tver State University;;;Tver;RUSSIA
Gornotaietchna Station nom. V.L. Komarovii;Arboretum;Ussuriysk, Primorskiy District.;;Gornotaietchna;RUSSIA
Hortus Zoobotanicus Kazanensis;Tatarstan, Rossia;;;Kazan;RUSSIA
Botanic Garden;Petrozavodsk State University;Petrozavodsk Karelia;;Karelia;RUSSIA
Siberian Botanical Garden;Tomsk State University;;;Tomsk;RUSSIA
Hortus Botanicus Universitatis Uralensis;Ural State University Botanical Garden;Ural Division of Academy of Science;;Ekaterinburg, K-83;RUSSIA
Hortus Botanicus;Arcto-Alpinus;AC.SC.Rossicum;;Opp. Kirovsk-6 / Reg. Murmanensis;RUSSIA
Hortus Botanicus;Udmurtische Staatliche Universität;;;Ischewsk;RUSSIA
Nyíregyházi Állatpark Kht;Nyíregyháza Sóstó Zoo;;;Nyíregyháza-Sóstófürdő;HUNGARY
Hortus Botanicus;Botanical Garden SFU;Botanisheskiy spusk 7;;Rostov on Don;RUSSIA
University Botanical Gardens;Balchik;;;Balchik;BULGARIA
Green Support Services, Horticultural Gardens;University of Copenhagen;Faculty of Life Sciences;;Frederiksberg C;DANMARK
Ing. Thomas Ster;Österreichische Gartenbaugesellschaft;Landesgruppe Steiermark;;Graz;ÖSTERREICH
Jardín Botánico Lucien Hauman;Facultad de Agronomía;Universidad Nacional de Buenos Aires;;Capital Federal;ARGENTINA
Arboretum Hof ter Saksen;Gemeente Beveren;;;Beveren;BELGIUM
Plantentuin;van de Universiteit;;;Gent;BELGIUM
Arboretum Kalmthout v. z. w.;;;;Kalmthout;BELGIUM
Botanischer Garten;der Universität Salzburg;;;Salzburg;ÖSTERREICH
Rivierenhof;Diensthoofd;;;Deurne;BELGIUM
Botanischer Garten;der Stadt Linz;Samentausch;;Linz;ÖSTERREICH
Barry Greig Devonian Botanic Garden;University of Alberta;;;Edmonton /Alberta T6G 2E1;CANADA
Jardin botanique de Montréal;Index Seminum;;;Montréal  (Québec)H1X 2B2;CANADA
Botanical Garden & Center for Plant Research;University of Brit. Columbia;;;Vancouver /B.C. V6T 1Z4;CANADA
Parc de la Dauphinelle;a/s M Larochelle;;;51 Cantley, QC J8V 3B2;CANADA
Botanischer Garten;Merian Park;;;Basel-Brüglingen;SCHWEIZ
Botanischer Garten;der Universität;;;Bern;SCHWEIZ
Conservatoire et;Jardin Botanique;Ville de Genève;;Chambésy /Geneve;SCHWEIZ
Jardin Botanique National;Ministre des Classes moyennes;et de l'Agriculture;;Meise;BELGIUM
Zoolog.& Bot. Garden of Plzen;Zoologická a botanická;zahrada mesta Plzne;;Plzen;CZECH REPUBLIC
Jardin alpin de Pont de Nant;La Thomasia;;;LES PLANS / BEX (Suisse);SCHWEIZ
Beijing;Botanical Garden;(North Garden);;Beijing 100093;PEOPLE'S REP. OF CHINA
South China Botanical Garden;Chinese Academy of Science;;;Guangzhou, Guangdong 510650;PEOPLE'S REP. OF CHINA
Lushan Botanical Garden;Hanpokuo;;;Lushan, Jiangxi Prov.;PEOPLE'S REP. OF CHINA
The Shanghai Botanic Garden;;;;Shanghai;PEOPLE'S REP. OF CHINA
Hangzhou Botanical Garden;;;;Hangzhou Zhejiang;PEOPLE'S REP. OF CHINA
Botanischer Garten;der Universität Wien;;;Wien;ÖSTERREICH
Botanická zahrada;Masarykovy univerzity;Přírodovědecké fakulty;;Brno;CZECH REPUBLIC
Jardin Botanique;de l'Université;;;Neuchâtel;SCHWEIZ
Botanicka zahrada;The Charles University in Prague;;;Praha;CZECH REPUBLIC
SUCCULENTARUM PLANTARUM;COLLECTIO UNIVERSALIS;Phil. Dr. Adolf Tomandl;;Prostejov;CZECH REPUBLIC
Silva Tarouca Research Institute;for Landscape and Ornamental Gardening;Dendrologická zaharda;;Pruhonice;CZECH REPUBLIC
Institute of Botany;Academy of Sciences;of the Czech Republic;;Pruhonice;CZECH REPUBLIC
Arboretum Novy Dvur;Slezeké zemské muzeum Opave;;;Opava;CZECH REPUBLIC
Botanicka Zahrada;Scholae Agriculturae;;;Tábor;CZECH REPUBLIC
Botanischer Garten;und Alpengarten;Universität Innsbruck;;Innsbruck;ÖSTERREICH
Botanicki Vrt;Faculty of Science;;;Zagreb;CROATIA
Rennsteiggarten;Oberhof;Bot. Garten für Gebirgsflora;;Oberhof;Deutschland
Botanischer Garten;Universität Hamburg;;;Hamburg;Deutschland
Botanischer Garten;der Ruprecht-Karls-Universität;;;Heidelberg;Deutschland
Botanischer Garten;der Friedrich-Schiller-Univ.;;;Jena;Deutschland
Botanischer Garten;Universität (TH) Fridericiana;;;Karlsruhe;Deutschland
Botanischer Garten;Fachbereich Grünflächen;;;Krefeld;Deutschland
Botanischer Garten;der Universität Leipzig;;;Leipzig;Deutschland
Jardin Botanique;de l'Université de Fribourg;;;Fribourg;SCHWEIZ
Botanischer Garten;internat. Samentausch;Westf. Wilhelms-Universität;;Münster;Deutschland
Neuer Botanischer Garten;der Universität;;;Göttingen;Deutschland
Botanischer Garten;der Univers. Oldenburg;;;Oldenburg;Deutschland
Universität Hohenheim;Botanischer Garten 211;;;Stuttgart;Deutschland
Botanischer Garten;der Universität Tübingen;;;Tübingen;Deutschland
Botanischer Garten;Universität Ulm;Oberer Eselsberg;;Ulm;Deutschland
Schau- und Sichtungsgarten;Hermannshof e.V.;;;Weinheim;Deutschland
Gewächshaus;f. tropische Nutzpflanzen;Inst.f.Nutzpflanzenk. FB 11;;Witzenhausen;Deutschland
Botanischer Garten;der Stadt Wuppertal;;;Wuppertal;Deutschland
Botanischer Garten;der Philipps-Universität;;;Marburg;Deutschland
Botanischer Garten;der Technischen Universität;;;Dresden;Deutschland
Kossuth Lajos Tudomanyegyetem;Botanikus Kert;;;Debrecen;HUNGARY
Botanical Garden;Palacky University;;;Olomouc;CZECH REPUBLIC
Botanicka zahrada Teplice;;;;Teplice;CZECH REPUBLIC
Ökolog. Botanischer Garten;Universität Bayreuth;;;Bayreuth;Deutschland
Botanischer Garten & Museum;;;;Berlin;Deutschland
Botanischer Garten;der Ruhr-Universität Bochum;;;Bochum;Deutschland
Botanischer Garten;der Technischen Universität;Postfach 3329;;Braunschweig;Deutschland
Botanischer Garten;der Martin-Luther-Universität;;;Halle / Saale;Deutschland
Botanischer Garten;der Technischen Hochschule;;;Darmstadt;Deutschland
Forstbotanischer Garten;und Arboretum;der Universität Göttingen;;Göttingen;Deutschland
Botanischer Garten;der Universität;Erlangen-Nürnberg;;Erlangen;Deutschland
The Royal Horticultural Society's Garden;;;;Surrey GU23 6QB;United Kingdom
Batumin Botanical Garden;Hortus Botanicus Batumensis;;;Batumi, Makhinjauri,;Republic of Georgia
Tbilisi Botanical Garden;;;;Tbilisi (Tibilisi);Republic of Georgia
Botanischer Garten;der Justus-Liebig-Universität;;;Gießen;Deutschland
Botanischer Garten;;;;Göttingen;Deutschland
Jardin Botanique de Lausanne;;;;Lausanne;SCHWEIZ
Stadt Chemnitz;Grünflächenamt, Amt 67;Botanischer Garten;;Chemnitz;Deutschland
Gardina Agrobotanica;Universitatea de Stiinte Agricole;Si Medicina Veterinara;;Cluj - Napoca;ROMANIA
University of Trondheim;Ringve botanical garden;;;Trondheim;NORWAY
Instytut Hodowli i Aklimatyzacji Roslin;- Ogrod Botaniczny;;;Bydgoszcz;POLAND
Jardim Botanico da Ajuda;Instituto Superior de Agronomia;;;Lisboa;PORTUGAL
Universidade do Porto, Departamento de Biologia;Faculdade de Ciências Edifício FC4;"Dr. Goncalo Sampaio";;Porto;PORTUGAL
Banco de Sementes;Dep. de Proteccao das Plantas e de Fitoecologica;Inst. Superior de Agronomia;;Lisboa;PORTUGAL
Hortus Botanicus;Universitatis Comenianae;;;Bratislava;SLOVAKIA
Botanicka Zahrada;Universitatis P.J.Safarikianae;;;Kosice;SLOVAKIA
Botanical Garden;of Slovak Agricultural University;;;Nitra;SLOVAKIA
Botanische tuin Kralingen;;;;Rotterdam;NETHERLANDS
The Arboretum;Coll. of Agriculture & Life Sciences;Seoul National University;;Gyeonggi-do, 430-012;Republic of Korea
Department of Phytology;Faculty of Forestry;Technical University in Zvolen;;Zvolen;SLOVAKIA
Hortus Botanicus;Universitatis Jagellonicae;;;Kraków;POLAND
Utrecht University;Botanic Gardens;P.O.Box 80.162;;Utrecht;NETHERLANDS
The Botanical Garden -;Center for Biological Diversity Conservation;of The Polish Academy of Sciences;;Warszawa 76;POLAND
Stichting Botanische Tuin;Kerkrade;;;Kerkrade;NETHERLANDS
Botanic Garden;Delft University of Technology;Burger's Zoo, Arnhem;;Delft;NETHERLANDS
Dendrological Park;'Alexandria';NAS of Ukraine;;Kiev Region;UKRAINA
Hortus Botanicus Amsterdam;scientific keeper;;;Amsterdam;NETHERLANDS
VSM Geneesmiddelen BV;T.a.v. Afdeling Tuin;Postbus 9321;;Alkmaar;NETHERLANDS
Botanic Garden;Seed Exchange;Dunedin City Council;;Dunedin/South Island;NEW ZEALAND
Hortus Botanicus;Fominianus;Universitatis Kyiviensis;;Kiev;UKRAINA
Stavanger Botanic Garden;and Rogaland Arboretum;;;Stavanger;NORWAY
Arboretum Mlynany;Slovak Akademy of Sciences;Institutum Dendrobiologiae;;Slepcany;SLOVAKIA
Botanical Garden;Uppsala University;;;Uppsala;SWEDEN
Hortus Botanicus;Universitatis Lesnaja;Immanuil Kant State University;;Kaliningrad;RUSSIA
Arboretumul Simeria;;;;Simeria  jud. Hunedoara;ROMANIA
Gradina Botanica Jibou;Centrul de Cercetari Biolog.;;;Jibou-Salaj;ROMANIA
GRĂDINA BOTANICĂ;„Anastasie Fătu”;a Universitatea 'Al. I. Cuza';;Iasi;ROMANIA
Botanical Garden;of Officinal Plants;Moscow Medical Institute;;Moskva D-317;RUSSIA
Gradina Botanica;Univ. „Babes-Bolyai" Cluj-Napoca;"Alexandru Borza";;Cluj-Napoca;ROMANIA
Gradina Botanica;a Universitatii din Bucuresti;"D.Brandza";;Bucuresti;ROMANIA
Hortus Botanicus;UNIVERSITY OF NIZHNI NOVGOROD;;;Nizhni Novgorod;RUSSIA
Ogrod Roslin Leczniczych AMG;GDAŃSKI UNIWERSYTET MEDYCZNY;WYDZIAŁ FARMACEUTYCZNY;;Gdansk;POLAND
Muzeum Rolnictwa;im Ks.K.Kluka;;;Ciechanowiec;POLAND
Montain Botanical Garden &  Tatra Field Station;Institute of Nature Conservation;Polish Academy of Sciences;;Zakopane;POLAND
Koninkl. Rotterdam Diergarde Blijdorp;Botanical department;Postbus 532;;Rotterdam;NETHERLANDS
Ogród Botaniczny;Uniwersytetu Wroclawskiego;;;Wroclaw;POLAND
Ogród Botaniczny;Uniwersytetu Warszawskiego;;;Warszawa;POLAND
Warsaw University of Life Sciences;Arboretum;;;Rogów;POLAND
Botanical Garden;Univ. of Joensuu;P.O.Box 111;;Joensuu;FINLAND
Botanical Gardens;University of Oulu;;;Oulu;FINLAND
Arboretum Zaklad Fizjografii;W Bolestraszyce;;;Przemysl;POLAND
Ogrod Roslin Leczniczych;Instytutu Wlokien Naturalnych;i Roslin Zielarskich;;Plewiska;POLAND
Botanical Garden;University of Turku;;;Turku;FINLAND
Botanical Garden;University of Helsinki;;;Helsinki;FINLAND
Ogrod Botaniczny;Uniwersytet;Marii Curie Sklodowskiej;;Lublin 63;POLAND
Bergius Botanic Garden;;;;Stockholm;SWEDEN
Laboratorium Dendroflorae;Hortus Botanicus;Nationalis;;Salaspils - 1;LATVIA
Seed Curator;Medicinal Herb Garden;University of Washington;;Seattle, WA 98195-1800;U.S.A.
The Morton Arboretum;seed exchange;;;Lisle, IL. 60532- 1293;U.S.A.
Denver Botanic Gardens;Mike Bone;;;Denver /Colorado 80206-3799;U.S.A.
Musée National d'Histoire Naturelle;Arboretum Kirchberg;;;Luxembourg;LUXEMBURG
Station of Nature Research and;Environmental Education;;;MARIJAMPOLĖ;LITHUANIA
Jardin Exotique de Monaco;;;;Monaco Cedex;MONACO
Kaunas Botanical Garden;of Vytautas Magnus University;;;Kaunas;LITHUANIA
Washington Park Arboretum;University of Washington Botanic Gardens;;;Seattle /Washington 98195-8010;U.S.A.
The Nippon Shinyaku Institute;for Botanical Research;Sakanotsuji-cho 39, Oyake,;;Kyoto, 607-8182;JAPAN
Botanic Garden;Smith College;;;Northampton / Massachusetts 01063;U.S.A.
Botanical Garden of the;University of Latvia;;;Riga;LATVIA
The Dawes Arboretum;Mr. Gregory A. Payton, Index Seminum;;;Newark /Ohio 43056-9380;U.S.A.
Higashiyama Botanical Gardens;City of Nagoya;3-70, Higashiyamamoto-machi;;Nagoya-shi 464-0804;JAPAN
Arboretum & Botanical Garden;University of Bergen;ARBOHA;;Hjellestad;NORWAY
W.J. Beal Botanical Garden;Michigan State University;;;East Lansing, MI 48824-1047;U.S.A.
Horticultural Society;of Iceland;Garðyrkjufélag íslands;;Reykjavík;ICELAND
Hiroshima Botanical Garden;;495, Kurashige 3-chome,;;Hiroshima 731-5156;JAPAN
Botanical Garden Tel Aviv University;The George S.Wise Fac. of Life Sciences;Ramat Aviv;;Tel Aviv 69978;ISRAEL
Botanical Garden;University of Oslo;Natural History Museum;;Oslo;NORWAY
Brooklyn Botanic Garden;Seed Index;Herbarium;;Brooklyn /N.Y. 11225-1099;U.S.A.
Hortus Botanicus;Gradina Botanica (I) a A.S.M.;A ACADEMIEI DE ŞTIINŢE;;Chisinau;Republica Moldova
Hebrew University of Jerusalem;Botanical Garden;for the Flora of Israel;;Jerusalem 91905;ISRAEL
Botanischer Garten;Universität Duisburg-Essen;;;Duisburg (Hamborn);Deutschland
Manie van der Schijff;Botanical Garden;Department of Botany;;Pretoria 0002;SOUTH AFRICA
Botanical Garden;Seed Department;Lomonosov Moscow State University;;Moscow GSP-1;RUSSIA
Hengchun Tropical Botanic Garden;;;;Heng-Chun Ping-Tung County, Taiwan 946, ROC;PEOPLE'S REP. OF CHINA
Städtische;Sukkulenten-Sammlung;Zürich;;Zürich;SCHWEIZ
Botanischer Garten;Universität Zürich;;;Zürich;SCHWEIZ
Botanischer Garten;u. Rhododendronpark;Stadtgrün Bremen;;Bremen;Deutschland
Mendel University of;Agriculture and Forestry Brno;Botanical Gardens & Arboretum;;Brno;CZECH REPUBLIC
Botanischer Garten;Ernst-Moritz-Arndt-Universität;;;Greifswald;Deutschland
Botanische Gärten;;;;Bonn;Deutschland
Gradina Botanica Macea;Universitatea de Vest;"Vasile Goldis" din Arad;;com. MACEA, jud. Arad;ROMANIA
Universität Bielefeld;Fakultät für Biologie-Gärtnerei-;Postfach 10 01 31;;Bielefeld;Deutschland
Singapore Botanic Gardens;Plant Introduction Unit;National Park Board;;Singapore 1025;REPUBLIC OF SINGAPORE
Humboldt-Universität zu Berlin;Institut f. Biologie;Späth-Arboretum;;Berlin;Deutschland
Hortus Centralis;Cultura Herbarum Medicarum;Universitatis Masarykiana;;Brno;CZECH REPUBLIC
Botanical Garden Yeomiji;2484-1,;Saekdal-dong,;;Sogwipo-city, Jeju-do;Republic of Korea
Dendrological Garden;Arkhangelsk Forest and;Northern Research Institute of Forestry;;Arkhangelsk;RUSSIA
Hortus Botanicus F.N.Rusanovi;Academy Scienes of Uzbekistan;;;Tashkent;UZBEKISTAN
Jardin Botanico Nacional;;Camino el Olivar no 305 El Salto;;Vina del Mar;CHILE
Gesellschaft der Staudenfreunde;Geschäftsstelle Frau Evi Roth;;;Ettenheim;Deutschland
Botanischer Garten;der Universität;Freiburg im Breisgau;;Freiburg i.Br.;Deutschland
Botanischer Garten;der Universität;;;Frankfurt am Main;Deutschland
Gibraltar Botanical Gardens;The Alameda;;;;GIBRALTAR
Botanic Garden;Mount Holyoke College;;;South Hadley / Massechusetts 01075-6440;U.S.A.
Botanical Garden;Fredriksdal sfriluftsmuseum;Box 7123;;Helsingborg;SWEDEN
Botanical Garden;University of Lund;;;Lund;SWEDEN
Botanischer Garten;der Heinrich-Heine-Universität;;;Düsseldorf;Deutschland
Grugapark Essen;;;;Essen;Deutschland
Seed Bank and Seed Laboratory;Taiwan Forestry Research Institute;Division of Taipei Botanical Garden;;Taipei, Taiwan;PEOPLE'S REP. OF CHINA
Hortus Botanicus Principalis;Academiae Scientiarum Rossicae;;;Mosqua 276;RUSSIA
Badenweiler;Thermen und Touristik GmbH;Abt. 5.1. Kurpark;;Badenweiler;Deutschland
Hortus Botanicus;Instituti Plantarum Medicinalium et Aromaticarum;NPO „VILAR";;Moskva M-216;RUSSIA
Nanjing Botanical Garden;Mem. Sun Yat-sen;;;Nanjing/ Jiangsu;PEOPLE'S REP. OF CHINA
Lewis Ginter Botanic Gardens;Horticulture Department;;;Richmond VA 23228-4700;U.S.A.
Forstbotanischer Garten;Fachhochschule Eberswalde;;;Eberswalde;Deutschland
North American;Plant Preservation Council;Barry Glick, Executive Director;;Renick / West Virginia 24966;U.S.A.
Botanischer Garten;der Universität-GH-Essen;;;Essen;Deutschland
St. Andrews Botanic Garden;;;;St Andrews /Fife. KY16 8RT, Scotland;United Kingdom
North Coast Regional;Botanic Garden;;;Coffs Harbour 2450 /N.S.W.;AUSTRALIA
Belarus;Hortus Botanicus;;;Vitebsk;REPUBLIC OF BELARUS
Hortus Botanicus Central.;National Academy of Sciences of Belarus;;;Minsk;REPUBLIC OF BELARUS
Istanbul Üniversitesi;Botanik Bahcesi;Botanik Ana Bilim Dali;;Istanbul;TÜRKEI
Karaca Arboretum;;;;Yalova / TÜRKIYE;TÜRKEI
Kruidtuin van de Stad Leuven;Hortus Botanicus Lovaniensis;;;Leuven;BELGIUM
Hortus Botanicus;Turkmenisitan,;Asgabat Botanika Bagy;;Asgabat/Turkmeniya;TURKMENISTAN
Botanical Garden of the Jurij;Fedkovich National University;;;Chernovtsi / Ukraine;UKRAINA
Botanischer Garten;Karl-Franzens-Universität Graz;;;Graz;ÖSTERREICH
Dulcamara;Hortus Botanicus Destelbergensis;Dr.G.Peleman;;Destelbergen;BELGIUM
Jardin Botanique;Monsieur William Aviolat;;;Saint-Triphon;SCHWEIZ
Plantentuin;Stad Antwerpen;;;Antwerpen 1;BELGIUM
Hortus Botanicus;Instituti Silvitechnici;Superioris;;Sofia;BULGARIA
Ing. Carlos Eralio R. Ruiz;;;;DBO- BUENOS AIRES;ARGENTINA
Landesmuseum Kärnten;Kärntner Botanikzentrum;;;Klagenfurt am Wörthersee;ÖSTERREICH
M.M.Gryshko's;National Botanical Garden;Academy of Sciences of Ukraine;;Kyiv;UKRAINA
Steirmärkisches Landesmuseum Joanneum;Alpengarten Rannach;;;Graz;ÖSTERREICH
Botanical Garden;University of California;;;Berkeley /CA 94720-5045;U.S.A.
Hortus Botanicus;Universitatis;;;Odessa;UKRAINA
Botanischer Garten;Universität für Bodenkultur;;;Wien;ÖSTERREICH
Biologisches Labor;Wilhelm E. Stemmer;;;Wien;ÖSTERREICH
BUNDESGÄRTEN;Alpengarten im Belvedere;;;Wien;ÖSTERREICH
Hortus Botanicus;Ivan Franko Lviv State University;;;Lviv;UKRAINA
Université Libre de Bruxelles;Jardin Experimental;Jean Massart;;Bruxelles;BELGIUM
Jardin alpin 'La Rambertia';Mme Bruny Monney;;;Blonay;SCHWEIZ
Korean National Arboretum;415 Kwangreung soomokwon-ro;Soheul-Up;;Gyeonggi-do, 487-821;Republic of Korea
Botanicka Zahrada;Botanical Garden Liberec;;;Liberec;CZECH REPUBLIC
Fred Spicer Superintendent of Horticulture;Morris County Park Commission;P.O.Box 1295;;Morristown / New Jersey 07962-1295;U.S.A.
Jardin Botanico Canario;'Viera y Clavijo';Cabildo de Gran Canaria;;Las Palmas de Gran Canaria;SPAIN / CANARY ISLANDS
Inst. of tropical & subtropical;Agriculture;Czech Agr. University Prague;;Prague 6 - Suchdol;CZECH REPUBLIC
Prazska Botanicka Zahrada;;;;Praha 7 - Troja;CZECH REPUBLIC
Jardin Botanique;Musée Jurassien des;Sciences Naturelles;;Porrentruy;SCHWEIZ
Holden Arboretum;Charles Tubesing;;;Kirtland, Ohio, 44094-5172;U.S.A.
Pyung Gang Botanical Garden;Sanjeong-Ri 668;Yeongbuk-myun,;;Kyeonggi-do;Republic of Korea
Commune de Meyrin;Mairie;Jardin Alpin;;Meyrin/Genève;SCHWEIZ
Ege Üniversitesi;Botanik Bahcesi;& Herbaryum;;Bornova-Izmir;TÜRKEI
Botanischer Garten;Im Eichholz;;;Grüningen;SCHWEIZ
Hortus Botanicus;Academiae Sci. Bulgaricae;;;Sofia;BULGARIA
Botanischer Garten für;Alpenpflanzen & Wildpflanzen;Herrn Th. Egli-Brenn;;Ennetbühl / SG;SCHWEIZ
Hortus plantarum medicarum;Facultatis pharmaceuticae;Universitatis Comenianae;;Bratislava 3;SLOVAKIA
Longwood Gardens;;;;Kennett Square , PA. 19348-0501;U.S.A.
Botanischer Garten;der Universität Basel;;;Basel;SCHWEIZ
Quail Botanic Gardens;Foundation Inc.;P.O.BOX 230005;;Encinitas,CA. 92023-0005;U.S.A.
Botanicni vrt Univerze;v Ljubiljani;;;Ljubljana;SLOVENIJA
Pamirensis Hortus Botanicus;;;;Dushanbe;Republic of Tajikistan
Jardin de Aclimatacion;de la Orotava;;;Puerto de la Cruz / Tenerife;SPAIN / CANARY ISLANDS
Alpengarten Zenz;Alpin.Botanische Pflanzensammlung;;;Grambach;ÖSTERREICH
Botanischer Garten;der Stadt;;;Altenburg;Deutschland
Donneko Botanical Garden;;;;Seogwipo Jejudo;Republic of Korea
Jardin Botanico;Universitario Maracay (JABUM);;;Maracay;VENEZUELA
Garden of Medicinal Plants;Department of Pharmacognosy;Jagiellonian University;;Krakow;POLAND
Hortus Botanicus Mongolia;Botanical Garden Institute of Botany;Mongolian Academy of Sciences;;Ulaanbaatar 51 (Ulan-Bator);MONGOLIA
Giardini Botanici Hanbury;Laboratorio semi;Corso Montecarlo 43;;Ventimiglia;ITALY
Alpine Botanical Garden of Campo Imperatore;DIPART. DI SCIENZE AMBIENTALI;Universita' degli Studi dell' Aquila;;L'Aquila;ITALY
Istituto ed Orto Botanico;Hanbury;Universita' degli studi;;Genova;ITALY
Royal Botanical Garden, Godawari / Lalitpur;Arboretum and Conservation;Dept. of plant resources;;Kathmandu;NEPAL
Christchurch Botanic Gardens;Botanical Resources Coordinator;Park & Waterways Unit, Christchurch City Council;;Christchurch 8140;NEW ZEALAND
Orto Botanico;di Bergamo;"Lorenzo Rota";;Bergamo;ITALY
Hong Kong Herbarium;Agricultur, Fisheries & Conservation Dep. 7/F.,;Cheung Sha Wan Government Offices;;Hong Kong;HONG KONG
BOTANIKUS KERTJE;Magyar Tudományos Akadémia;Ökológiai és Botanikai;;Vácrátót;HUNGARY
The Parks Manager;Timaru Botanic Gardens;Timaru District Council;;TIMARU;NEW ZEALAND
Principauté de Monaco;Service de L'Áménagement Urbain;;;Monaco Cedex;MONACO
Tuzson Janos Botanicus Kert;Nyiregyhàzi Föiskola;;;Nyíregyháza;HUNGARY
Hortus Botanicus;B.M. Kozo-Poljanskii;Universitatis Voronegiensis;;Voronezh;RUSSIA
Botanischer Garten;;;;St. Gallen;SCHWEIZ
Budapest Fövárosi Allat és Növénykert,;Zoo- Botanic Garden;Bp. 5.  Pf. 469;;Budapest;HUNGARY
Hortus en terreinen van de;Vrije Universiteit;;;Amsterdam;NETHERLANDS
Botanische Tuin I.V.N.;;;;Elsloo/Limb.;NETHERLANDS
University of Athens;Julia & Alexander N. Diomides;Botanic Garden;;Athens - Hellas;GREECE
Botanische tuin De Heimanshof;p.a. H.Nijenhuis;;;Hoofddorp;NETHERLANDS
Moor Bank Gardens;University of Newcastle-on-Tyne;;;Newcastle NE2 4NL;United Kingdom
Fletcher Moss Botanic Gardens;Mill Lane,;Didsbury;;Manchester M20 2SW;United Kingdom
Botanical Gardens;;;;Glasgow/Scotl. G12 0UE;United Kingdom
Cally Gardens;Gatehouse of Fleet;;;Castle Douglas/Scotl.DG7 2DJ;United Kingdom
University Botanic Garden;;;;Cambridge CB2 1JE;United Kingdom
Botanic Garden;Bristol University;c/o Waltham CottageYard;;Bristol/England BS9 1JB;United Kingdom
Janus Pannonius Tudomanyegaetem;Növenytani Tanszek es;Botanikus Kert, Hortus Botanikus Universitatis;;Pécs;HUNGARY
Giardino Botanico Alpino;Di Pietra Corva;c/o Provincia di Pavia;;Pavia;ITALY
Bogor Botanic Gardens;Lombaga Ilmu Pengotahuan Indonesia;Pusat Konservasi Tumbuhan-Kebun Raya Bogor;;Bogor, 16122 / WEST JAVA;INDONESIA
Jerusalem Botanical Garden;Institute of Live Sciences;The Hebrew University;;Jerusalem 91904;ISRAEL
Laboratory of Floriculture;and Ornamental Horticultre;Faculty of Horticulture;;Matsudo-City, Chiba Prefecture,  271-8510;JAPAN
Research Center for Medical Plant Resources;National Institute of Biomedical Innovation;1 Hachimandai, Tsukuba-Shi;;Ibaraki Prefecture, 305-0843;JAPAN
Kanagawa prefectural;OFUNA BOTANICAL GARDEN;;;Kanagawa-ken  247-0072;JAPAN
The Aritaki Arboretum;;;;Koshigaya-shi;JAPAN
Kyoto Botanical Garden;Hangi-cho;Shimogamo;;Kyoto 606-0823;JAPAN
Orto Botanico Friulano;;;;Udine;ITALY
Comune di Trieste;Civico Orto Botanico;;;Trieste;ITALY
Giardino Botanico Alpino 'Viotte';Museo Tridentino di Scienze Naturali;;;Trento;ITALY
Kyoto Takeda Herbal Garden;Takenouchi-cho 11;Ichijoji;;Kyoto 606-8134;JAPAN
Hortus Botanicus;seed laboratory of Botanical Garden;Academiae Scientarum Rossicae;;St. Petersburg;RUSSIA
Orto Botanico;Dipartimento;di Scienze Botaniche;;Pisa;ITALY
Jardin Botanique;Exotique Val Rahmeh;;;Menton Garavan;FRANCE
Orto Botanico;dell Università di Padova;;;Padova;ITALY
Göteborgs Botaniska Trädgard;;;;Göteborg;SWEDEN
Botanic Garden;Faculty of Agriculture;Hokkaido University;;Sapporo, Hokkaido, 060-0003;JAPAN
Dendrariy / Arboretum of;Ivanovo State Agricultural Academy;;;Ivanovo;RUSSIA
Botanical Garden;Tohoku University;;;Sendai;JAPAN
Main Botanical Garden of Kazakhstan;Inst. of Plant Physiology;Genetics & Bioengineering;;Almaty (Alma-Ata);Republic of Kazakhstan
Hortus Botanicus;Institute of Phytochemistry;;;Quaraghandy (Karaganda);Republic of Kazakhstan
Botanical Garden;of NAS KR;;;Bishkek;KYRGHYSTAN REPUBLIC
Hortus Botanicus;Chuchur-Muran;;;Jakutsk;RUSSIA
Botanikos Sodas;Vilniaus Universitetas;;;Vilnius - 40;LITHUANIA
Hortus Botanikus;;P.O.Box 22;;Stavropol'/Kauk.;RUSSIA
Hortus Botanicus;St. Petersburg Forest Technical Academy;Academiae Silvo-technicae;;St. Petersburg;RUSSIA
Kamigamo Experimental Station,;Field Science Education & Research Center,;Kyoto Univercity, 2 Motoyama,;;Kyoto 603-8047;JAPAN
Forstbotanischer Garten;TU Dresden,  Fachrichtung;Forstwissenschaften Tharandt;;Tharandt;Deutschland
Banco de Semillas;Escuela T.S. de Ing.Agronomos;Universidad Politecnica de Madrid;;Madrid;SPAIN
Jardin Botanico de Cordoba;Banco de Germoplasma Vegetal Andaluz;;;Cordoba;SPAIN
Jardi Botanic Marimurtra;Estatio International de Biologia Mediterrania;Apartat. 112;;Blanes /Girona;SPAIN
Jardi Botanic de Barcelona;Index Seminum;Parque de Montjuic;;Barcelona;SPAIN
Jardin Botanico Nacional;„Dr. Rafael Ma. Moscoso";Departamento de Horticultura, Apto.Postal  21 - 9;;Santo Domingo;THE DOMINICAN REPUBLIC
Herbarium;Dept. of Systematic Botany, Ins. of Biol. Sciences;University of Aarhus, Building 1137;;Aarhus C;DANMARK
Botanisk Have;Arhus Kommunes;Naturforvaltningen;;Aarhus C;DANMARK
Botanischer Garten der Bayerischen;Julius-Maximilians-Universität Würzburg;;;Würzburg;Deutschland
Ogrod Roslin Leczniczych;Katedra i Zaklad Biologii i Botaniki Farmaceutyczn;Akademii Medycznej ew Wroclawu;;Wroclaw;POLAND
Botanischer Garten;der Stadt Wilhelmshaven;;;Wilhelmshaven;Deutschland
Hortus Botanicus;Reykjavicensis;;;Reykjavík;ICELAND
Cruickshank Botanic Garden;University opf Aberdeen;Dep. of Plant & Soil Science;;Aberdeen AB24 3UU /Scotland;United Kingdom
Botanical Garden;Szent Istvan University, Fac. of Agricultural;Dept. of Botany & Plant Physiology;;Gödöllö;HUNGARY
Jardin Botanico Universitario;de Sierra Nevada;Universidad de Granada;;Granada;SPAIN
Wilhelma;Zoologisch-botanischer Garten;;;Stuttgart;Deutschland
Botanischer Garten;Universität Rostock;;;Rostock;Deutschland
Botanischer Garten;der Universität Regensburg;;;Regensburg;Deutschland
Botanischer Garten;der Universität Potsdam;Postfach 60 15 53;;Potsdam;Deutschland
Botanischer Garten Universität Osnabrück;Fachber. Biologie/Chemie;;;Osnabrück;Deutschland
Gradina Botanica;"Alexandru Buia";a Universitatii;;Craiova;ROMANIA
Botanischer Garten München;;;;München;Deutschland
Gartenbauamt Bad Langensalza;- Botanischer Garten -;;;Bad Langensalza;Deutschland
Botanischer Garten;Amt für Grünflächen & Friedhöfe;Botanischer Garten;;Mönchengladbach;Deutschland
Botanischer Garten;der Johannes Gutenberg Univ.;;;Mainz;Deutschland
Botanischer Garten;Fakultät für Biologie;Universität Konstanz;;Konstanz;Deutschland
Botanischer Garten;der Stadt Köln;;;Köln;Deutschland
Dendrological Garden;of August Cieszkowski;Agricultural University of Poznan;;Poznan;POLAND
Jardim Botanico;da Universidade de Lisboa;Servico de Sementes;;Lisboa;PORTUGAL
Botanischer Garten;der Christian-Albrecht-Universität;;;Kiel;Deutschland
Bernard Bouet;Phoenix Parc Floral de Nice;Les Hortensias Bat C;;Saint Laurent Du Var;FRANCE
Botanical Gardens;Wageningen Agricultural Univ.;;;Wageningen;NETHERLANDS
Université Joseph Fourier de Grenoble;Jardin Alpin du Lautaret;;;Grenoble Cedex 9;FRANCE
Jean-Luc GATARD;La Vergne Gestin;;;La Chaize le Vicomte;FRANCE
Botanic Garden Munstergeleen;Seed Exchange;;;Munstergeleen;NETHERLAND
Jardim Botanico;da Universidade;Arcos do Jardim;;Coimbra;PORTUGAL
Jardim Botanico do Faial;;;;Horta (Faial);PORTUGAL
Jardin Botanique Alpin;'La Jaysinia';Station d'Ecologie Végétale;;Samoëns;FRANCE
Jardim-Museu Agricola Tropical;;;;Lisboa;PORTUGAL
Museum National d'Histoire Naturelle;Département des Jardins Botaniques et Zoologiques;Graineterie;;Paris cedex 05;FRANCE
Arboretum National des Barres;E.N.G.R.E.F.;Domaine des Barres;;Nogent-s-Vernisson;FRANCE
Jardi Botanic de Soller;;Apartado 44;;Soller (Illes Balears  - Mallorca);SPAIN
VILLE DE NANTES;Jardin Botanique;Service des Espaces Verts et de l'Environnement;;Nantes Cedex 01;FRANCE
Jardi Botanic de Valencia;LA UNIVERSITAT DE VALÈNCIA;Jaime Güemes;;Valencia;SPAIN
Estacao Agronomica Nacional;Herbario A.R. Pinto da Silva;;;Oeiras;PORTUGAL
Jardim Botanico da Madeira;;;;Funchal (Madeira);PORTUGAL
Arboretum Goluchów;Osrodek Kultury Lesnej;;;Goluchów;POLAND
Jardin Botanique;de Talence;;;Bordeaux;FRANCE
Ogród Botaniczny;;;;Lódz - 28;POLAND
Institute of Pharmacy;Tartu Univercity;Ulve Pihlik;;Tartu;ESTONIA
Hortus Plantarum Medicarum;Academiae Medicae Lodzensis;;;Lódz;POLAND
Hortus Botanicus;Tallinnensis;;;Tallinn;ESTONIA
Ogrod Botaniczny;Uniwersytetu Im.A.Mickiewicza;;;Poznan;POLAND
Jardin Botanico Atlantico;;;;Gijón (Asturias);SPAIN
Department of Medic. Plants;Academy of Medicine;Poznan University of Medical Sciences;;Poznan;POLAND
Hortus Botanicus;Leiden;;;Leiden;NETHERLANDS
Jardin Botanique;de la Ville de Nice;Service des Espaces Verts;;Nice;FRANCE
